{"cameraMode":{"drawMode":0,"name":"Shaded","section":"Shading Mode"},"sceneLighting":false,"audioPlay":false,"sceneViewState":{"showFog":true,"showMaterialUpdate":false,"showSkybox":false,"showFlares":true,"showImageEffects":true,"showParticleSystems":true},"in2DMode":false,"pivot":{"x":-0.000001430511474609375,"y":0.6541280746459961,"z":100.0174789428711},"rotation":{"x":0.1573135405778885,"y":-0.4697333574295044,"z":0.08549389988183975,"w":0.8645543456077576},"size":10.19993782043457,"orthographic":false}