{"cameraMode":{"drawMode":0,"name":"Shaded","section":"Shading Mode"},"sceneLighting":true,"audioPlay":false,"sceneViewState":{"showFog":true,"showMaterialUpdate":false,"showSkybox":true,"showFlares":true,"showImageEffects":true,"showParticleSystems":true},"in2DMode":false,"pivot":{"x":-423.3518371582031,"y":148.37686157226563,"z":514.9324340820313},"rotation":{"x":-0.11401895433664322,"y":0.1461268663406372,"z":-0.01682664453983307,"w":-0.9826250672340393},"size":8.1578950881958,"orthographic":false}