{"cameraMode":{"drawMode":0,"name":"Shaded","section":"Shading Mode"},"sceneLighting":false,"audioPlay":false,"sceneViewState":{"showFog":true,"showMaterialUpdate":false,"showSkybox":true,"showFlares":true,"showImageEffects":true,"showParticleSystems":true},"in2DMode":false,"pivot":{"x":688.462646484375,"y":216.49917602539063,"z":49.92315673828125},"rotation":{"x":0.0695580393075943,"y":-0.3246784210205078,"z":0.023578593507409097,"w":0.943142831325531},"size":123.5022964477539,"orthographic":false}