{"cameraMode":{"drawMode":0,"name":"Shaded","section":"Shading Mode"},"sceneLighting":true,"audioPlay":false,"sceneViewState":{"showFog":true,"showMaterialUpdate":false,"showSkybox":true,"showFlares":true,"showImageEffects":true,"showParticleSystems":true},"in2DMode":false,"pivot":{"x":-432.273681640625,"y":165.8202362060547,"z":448.15643310546877},"rotation":{"x":0.060262955725193027,"y":-0.019468870013952256,"z":0.001150388503447175,"w":0.9980176091194153},"size":11.096174240112305,"orthographic":false}