{"cameraMode":{"drawMode":0,"name":"Shaded","section":"Shading Mode"},"sceneLighting":true,"audioPlay":false,"sceneViewState":{"showFog":true,"showMaterialUpdate":false,"showSkybox":true,"showFlares":true,"showImageEffects":true,"showParticleSystems":true},"in2DMode":false,"pivot":{"x":-629.8850708007813,"y":210.74783325195313,"z":303.86590576171877},"rotation":{"x":-0.03888392075896263,"y":-0.9336345791816711,"z":0.10691281408071518,"w":-0.33998948335647585},"size":1.2247449159622193,"orthographic":false}